,Timestamp,Query Type,Domain,Source IP,Forward IP,Reply IP
0,8/5/2024 23:47,,pull-fcdn-base2.s.bytefcdn-oversea.com,,,45.197.66.183
1,8/5/2024 23:47,,pull-fcdn-base2.s.bytefcdn-oversea.com,,,98.96.192.78
2,8/5/2024 23:47,,pull-fcdn-base2.s.bytefcdn-oversea.com,,,45.197.66.182
3,8/5/2024 23:47,,pull-fcdn-base2.s.bytefcdn-oversea.com,,,98.96.192.7
4,8/5/2024 23:47,,pull-fcdn-base2.s.bytefcdn-oversea.com,,,98.96.192.11
5,8/5/2024 23:47,,pull-fcdn-base2.s.bytefcdn-oversea.com,,,45.197.66.187
6,8/5/2024 23:47,,pull-fcdn-base2.s.bytefcdn-oversea.com,,,98.96.192.69
7,8/5/2024 23:47,,pull-fcdn-base2.s.bytefcdn-oversea.com,,,98.96.192.6
8,8/5/2024 23:47,,pull-fcdn-base2.s.bytefcdn-oversea.com,,,98.96.192.10
9,8/5/2024 23:47,,pull-fcdn-base2.s.bytefcdn-oversea.com,,,45.197.66.180
10,8/5/2024 23:47,A,push-rtmp-f5-tt03.fcdn.eu.tiktokcdn.com,418.823.7.346,,
11,8/5/2024 23:47,,push-rtmp-f5-tt03.fcdn.eu.tiktokcdn.com,,8.8.8.8,
12,8/5/2024 23:47,,push-rtmp-f5-tt03.fcdn.eu.tiktokcdn.com,,,<CNAME>
13,8/5/2024 23:47,,push-rtmp-f5-tt03.fcdn.eu.tiktokcdn.com.c.bytefcdn-ttpeu.com,,,<CNAME>
14,8/5/2024 23:47,,push-base2.s.bytefcdn-ttpeu.com,,,143.42.245.114
15,8/5/2024 23:47,,push-base2.s.bytefcdn-ttpeu.com,,,71.18.71.107
16,8/5/2024 23:47,,push-base2.s.bytefcdn-ttpeu.com,,,71.18.49.230
17,8/5/2024 23:47,,push-base2.s.bytefcdn-ttpeu.com,,,139.177.241.195
18,8/5/2024 23:47,,push-base2.s.bytefcdn-ttpeu.com,,,71.18.49.236
19,8/5/2024 23:47,,push-base2.s.bytefcdn-ttpeu.com,,,71.18.87.226
20,8/5/2024 23:47,,push-base2.s.bytefcdn-ttpeu.com,,,71.18.49.229
21,8/5/2024 23:47,,pull-c5-gcp01.fcdn.eu.tiktokcdn.com.c.bytefcdn-ttpeu.com,,,<CNAME>
22,8/5/2024 23:47,,pull-base1.s.bytefcdn-ttpeu.com,,,143.42.210.227
23,8/5/2024 23:47,,pull-base1.s.bytefcdn-ttpeu.com,,,207.211.211.112
24,8/5/2024 23:47,,pull-base1.s.bytefcdn-ttpeu.com,,,207.211.211.87
25,8/5/2024 23:47,,pull-base1.s.bytefcdn-ttpeu.com,,,71.18.45.201
26,8/5/2024 23:47,A,pull-flv-l10-sg01.tiktokcdn.com.rocket-cdn.com,418.823.7.346,,
27,8/5/2024 23:47,,pull-flv-l10-sg01.tiktokcdn.com.rocket-cdn.com,,8.8.8.8,
28,8/5/2024 23:47,A,pull-f5-va01.tiktokcdn-us.com,418.823.7.346,,
29,8/5/2024 23:47,,pull-f5-va01.tiktokcdn-us.com,,8.8.8.8,
30,8/5/2024 23:47,,pull-f5-va01.tiktokcdn-us.com,,,<CNAME>
31,8/5/2024 23:47,,pull-f5-va01.tiktokcdn-us.com.c.worldfcdn2.com,,,<CNAME>
32,8/5/2024 23:47,,pull-fcdn-ttp5.s.worldfcdn2.com,,,71.18.53.226
33,8/5/2024 23:47,,pull-fcdn-ttp5.s.worldfcdn2.com,,,71.18.53.224
34,8/5/2024 23:47,,pull-fcdn-ttp5.s.worldfcdn2.com,,,71.18.27.225
35,8/5/2024 23:47,,pull-fcdn-ttp5.s.worldfcdn2.com,,,71.18.50.229
36,8/5/2024 23:47,A,pull-flv-o77-sg01.tiktokcdn-us.com,418.823.7.346,,
37,8/5/2024 23:47,,pull-flv-o77-sg01.tiktokcdn-us.com,,8.8.8.8,
38,8/5/2024 23:47,,pull-flv-o77-sg01.tiktokcdn-us.com,,,<CNAME>
39,8/5/2024 23:47,,1260974325.rsc.cdn77.org,,,156.146.53.1
40,8/5/2024 23:47,,1260974325.rsc.cdn77.org,,,156.146.53.26
41,8/5/2024 23:47,,1260974325.rsc.cdn77.org,,,156.146.53.25
42,8/5/2024 23:47,A,a1371.z.akamai.net,418.823.7.346,,
43,8/5/2024 23:47,,a1371.z.akamai.net,,8.8.8.8,
44,8/5/2024 23:47,,pull-flv-l10-sg01.tiktokcdn.com.rocket-cdn.com,,,<CNAME>
45,8/5/2024 23:47,,hcdnl.pulltiktok.ovc.gslb.rocket-cdn.com,,,148.153.201.150
46,8/5/2024 23:47,,hcdnl.pulltiktok.ovc.gslb.rocket-cdn.com,,,38.60.178.90
47,8/5/2024 23:47,,a1371.z.akamai.net,,,23.62.46.211
48,8/5/2024 23:47,,a1371.z.akamai.net,,,23.62.46.209
49,8/5/2024 23:47,A,1561539925.rsc.cdn77.org,418.823.7.346,,
50,8/5/2024 23:47,,1561539925.rsc.cdn77.org,,8.8.8.8,
51,8/5/2024 23:47,A,pull-o5-va01.tiktokcdn-us.com.c.worldfcdn2.com,418.823.7.346,,
52,8/5/2024 23:47,,pull-o5-va01.tiktokcdn-us.com.c.worldfcdn2.com,,8.8.8.8,
53,8/5/2024 23:47,,1561539925.rsc.cdn77.org,,,156.146.53.26
54,8/5/2024 23:47,,1561539925.rsc.cdn77.org,,,156.146.53.1
55,8/5/2024 23:47,,1561539925.rsc.cdn77.org,,,156.146.53.25
56,8/5/2024 23:47,A,1037185619.rsc.cdn77.org,418.823.7.346,,
57,8/5/2024 23:47,,1037185619.rsc.cdn77.org,,8.8.8.8,
58,8/5/2024 23:47,,pull-o5-va01.tiktokcdn-us.com.c.worldfcdn2.com,,,<CNAME>
59,8/5/2024 23:47,,pull-fcdn-ttp8.s.worldfcdn2.com,,,71.18.53.226
60,8/5/2024 23:47,,pull-fcdn-ttp8.s.worldfcdn2.com,,,71.18.53.227
61,8/5/2024 23:47,,pull-fcdn-ttp8.s.worldfcdn2.com,,,71.18.27.225
62,8/5/2024 23:47,,pull-fcdn-ttp8.s.worldfcdn2.com,,,71.18.53.225
63,8/5/2024 23:47,,1037185619.rsc.cdn77.org,,,156.146.53.1
64,8/5/2024 23:47,,1037185619.rsc.cdn77.org,,,156.146.53.26
65,8/5/2024 23:47,,1037185619.rsc.cdn77.org,,,156.146.53.25
66,8/5/2024 23:47,A,1682337735.rsc.cdn77.org,418.823.7.346,,
67,8/5/2024 23:47,,1682337735.rsc.cdn77.org,,8.8.8.8,
68,8/5/2024 23:47,A,pull-f5-tt02.fcdn.eu.tiktokcdn.com,418.823.7.346,,
69,8/5/2024 23:47,,pull-f5-tt02.fcdn.eu.tiktokcdn.com,,8.8.8.8,
70,8/5/2024 23:47,,pull-f5-tt02.fcdn.eu.tiktokcdn.com,,,<CNAME>
71,8/5/2024 23:47,,pull-f5-tt02.fcdn.eu.tiktokcdn.com.c.bytefcdn-ttpeu.com,,,<CNAME>
72,8/5/2024 23:47,,pull-base1.s.bytefcdn-ttpeu.com,,,143.42.210.227
73,8/5/2024 23:47,,pull-base1.s.bytefcdn-ttpeu.com,,,71.18.45.201
74,8/5/2024 23:47,,pull-base1.s.bytefcdn-ttpeu.com,,,207.211.211.112
75,8/5/2024 23:47,,pull-base1.s.bytefcdn-ttpeu.com,,,207.211.211.87
76,8/5/2024 23:47,,1682337735.rsc.cdn77.org,,,156.146.53.25
77,8/5/2024 23:47,,1682337735.rsc.cdn77.org,,,156.146.53.26
78,8/5/2024 23:47,,1682337735.rsc.cdn77.org,,,156.146.53.1
79,8/5/2024 23:47,A,1483844406.rsc.cdn77.org,418.823.7.346,,
80,8/5/2024 23:47,,1483844406.rsc.cdn77.org,,8.8.8.8,
81,8/5/2024 23:47,A,1059928774.rsc.cdn77.org,418.823.7.346,,
82,8/5/2024 23:47,,1059928774.rsc.cdn77.org,,8.8.8.8,
83,8/5/2024 23:47,,1483844406.rsc.cdn77.org,,,156.146.53.26
84,8/5/2024 23:47,,1483844406.rsc.cdn77.org,,,156.146.53.1
85,8/5/2024 23:47,,1483844406.rsc.cdn77.org,,,156.146.53.25
86,8/5/2024 23:47,,1059928774.rsc.cdn77.org,,,156.146.53.26
87,8/5/2024 23:47,,1059928774.rsc.cdn77.org,,,156.146.53.25
88,8/5/2024 23:47,,1059928774.rsc.cdn77.org,,,156.146.53.1
89,8/5/2024 23:47,A,1928505594.rsc.cdn77.org,418.823.7.346,,
90,8/5/2024 23:47,,1928505594.rsc.cdn77.org,,8.8.8.8,
91,8/5/2024 23:47,A,pull-flv-q10-sg01.tiktokcdn.com,418.823.7.346,,
92,8/5/2024 23:47,,pull-flv-q10-sg01.tiktokcdn.com,,8.8.8.8,
93,8/5/2024 23:47,,1928505594.rsc.cdn77.org,,,84.17.61.17
94,8/5/2024 23:47,A,fk8omwirn7.mncdn.com,418.823.7.346,,
95,8/5/2024 23:47,,fk8omwirn7.mncdn.com,,8.8.8.8,
96,8/5/2024 23:47,,fk8omwirn7.mncdn.com,,,185.155.102.92
97,8/5/2024 23:47,A,pull-f5-va01.tiktokcdn.com.c.bytefcdn-oversea.com,418.823.7.346,,
98,8/5/2024 23:47,,pull-f5-va01.tiktokcdn.com.c.bytefcdn-oversea.com,,8.8.8.8,
99,8/5/2024 23:47,,pull-f5-va01.tiktokcdn.com.c.bytefcdn-oversea.com,,,<CNAME>
100,8/5/2024 23:47,,pull-fcdn-base1.s.bytefcdn-oversea.com,,,98.98.70.44
101,8/5/2024 23:47,,pull-fcdn-base1.s.bytefcdn-oversea.com,,,98.96.192.10
102,8/5/2024 23:47,,pull-fcdn-base1.s.bytefcdn-oversea.com,,,98.96.192.7
103,8/5/2024 23:47,,pull-fcdn-base1.s.bytefcdn-oversea.com,,,98.96.192.6
104,8/5/2024 23:47,,pull-fcdn-base1.s.bytefcdn-oversea.com,,,98.96.192.67
105,8/5/2024 23:47,,pull-fcdn-base1.s.bytefcdn-oversea.com,,,169.150.221.72
106,8/5/2024 23:47,,pull-fcdn-base1.s.bytefcdn-oversea.com,,,98.96.192.69
107,8/5/2024 23:47,,pull-fcdn-base1.s.bytefcdn-oversea.com,,,45.197.66.185
108,8/5/2024 23:47,,pull-fcdn-base1.s.bytefcdn-oversea.com,,,45.197.66.186
109,8/5/2024 23:47,,pull-fcdn-base1.s.bytefcdn-oversea.com,,,98.96.192.73
110,8/5/2024 23:47,,pull-fcdn-base1.s.bytefcdn-oversea.com,,,98.96.192.78
111,8/5/2024 23:47,,pull-fcdn-base1.s.bytefcdn-oversea.com,,,169.150.221.187
112,8/5/2024 23:47,,pull-fcdn-base1.s.bytefcdn-oversea.com,,,98.96.192.11
113,8/5/2024 23:47,,pull-fcdn-base1.s.bytefcdn-oversea.com,,,45.197.66.187
114,8/5/2024 23:47,A,pull-flv-f77-va01.tiktokcdn.com,418.823.7.346,,
115,8/5/2024 23:47,,pull-flv-f77-va01.tiktokcdn.com,,8.8.8.8,
116,8/5/2024 23:47,,pull-flv-f77-va01.tiktokcdn.com,,,<CNAME>
117,8/5/2024 23:47,,1655932307.rsc.cdn77.org,,,156.146.53.26
118,8/5/2024 23:47,,1655932307.rsc.cdn77.org,,,156.146.53.1
119,8/5/2024 23:47,,1655932307.rsc.cdn77.org,,,156.146.53.25
120,8/5/2024 23:47,A,pull-w5-va01.ttlivecdn.com.c.bytefcdn-oversea.com,418.823.7.346,,
121,8/5/2024 23:47,,pull-w5-va01.ttlivecdn.com.c.bytefcdn-oversea.com,,8.8.8.8,
122,8/5/2024 23:47,,pull-flv-q10-sg01.tiktokcdn.com,,,<CNAME>
123,8/5/2024 23:47,,pull-flv-q10-sg01.tiktokcdn.com.rocket-cdn.com,,,<CNAME>
124,8/5/2024 23:47,,hcdnl.pulltiktok.ovc.gslb.rocket-cdn.com,,,148.153.201.150
125,8/5/2024 23:47,,hcdnl.pulltiktok.ovc.gslb.rocket-cdn.com,,,38.60.178.90
126,8/5/2024 23:47,,pull-w5-va01.ttlivecdn.com.c.bytefcdn-oversea.com,,,<CNAME>
127,8/5/2024 23:47,,pull-fcdn-base1.s.bytefcdn-oversea.com,,,98.96.192.73
128,8/5/2024 23:47,,pull-fcdn-base1.s.bytefcdn-oversea.com,,,98.96.192.7
129,8/5/2024 23:47,,pull-fcdn-base1.s.bytefcdn-oversea.com,,,98.96.192.11
130,8/5/2024 23:47,,pull-fcdn-base1.s.bytefcdn-oversea.com,,,169.150.221.187
131,8/5/2024 23:47,,pull-fcdn-base1.s.bytefcdn-oversea.com,,,98.96.192.6
132,8/5/2024 23:47,,pull-fcdn-base1.s.bytefcdn-oversea.com,,,45.197.66.187
133,8/5/2024 23:47,,pull-fcdn-base1.s.bytefcdn-oversea.com,,,45.197.66.185
134,8/5/2024 23:47,,pull-fcdn-base1.s.bytefcdn-oversea.com,,,98.96.192.78
135,8/5/2024 23:47,,pull-fcdn-base1.s.bytefcdn-oversea.com,,,98.96.192.67
136,8/5/2024 23:47,,pull-fcdn-base1.s.bytefcdn-oversea.com,,,169.150.221.72
137,8/5/2024 23:47,,pull-fcdn-base1.s.bytefcdn-oversea.com,,,98.96.192.10
138,8/5/2024 23:47,,pull-fcdn-base1.s.bytefcdn-oversea.com,,,45.197.66.186
139,8/5/2024 23:47,,pull-fcdn-base1.s.bytefcdn-oversea.com,,,98.98.70.44
140,8/5/2024 23:47,,pull-fcdn-base1.s.bytefcdn-oversea.com,,,98.96.192.69
141,8/5/2024 23:47,A,1383071503.rsc.cdn77.org,418.823.7.346,,
142,8/5/2024 23:47,,1383071503.rsc.cdn77.org,,8.8.8.8,
143,8/5/2024 23:47,A,pull-c5-gcp01.tiktokcdn.com.c.bytefcdn-ttpeu.com,418.823.7.346,,
144,8/5/2024 23:47,,pull-c5-gcp01.tiktokcdn.com.c.bytefcdn-ttpeu.com,,8.8.8.8,
145,8/5/2024 23:47,,1383071503.rsc.cdn77.org,,,156.146.53.1
146,8/5/2024 23:47,,1383071503.rsc.cdn77.org,,,156.146.53.25
147,8/5/2024 23:47,,1383071503.rsc.cdn77.org,,,156.146.53.26
148,8/5/2024 23:47,,pull-c5-gcp01.tiktokcdn.com.c.bytefcdn-ttpeu.com,,,<CNAME>
149,8/5/2024 23:47,,pull-base2.s.bytefcdn-ttpeu.com,,,216.225.168.8
150,8/5/2024 23:47,,pull-base2.s.bytefcdn-ttpeu.com,,,71.18.49.231
151,8/5/2024 23:47,,pull-base2.s.bytefcdn-ttpeu.com,,,216.225.168.3
152,8/5/2024 23:47,,pull-base2.s.bytefcdn-ttpeu.com,,,207.211.211.114
153,8/5/2024 23:47,A,pull-flv-l16-gcp01.tiktokcdn.com.atomile.com,418.823.7.346,,
154,8/5/2024 23:47,,pull-flv-l16-gcp01.tiktokcdn.com.atomile.com,,8.8.8.8,
155,8/5/2024 23:47,A,1004432549.rsc.cdn77.org,418.823.7.346,,
156,8/5/2024 23:47,,1004432549.rsc.cdn77.org,,8.8.8.8,
157,8/5/2024 23:47,,1004432549.rsc.cdn77.org,,,156.146.53.1
158,8/5/2024 23:47,,1004432549.rsc.cdn77.org,,,156.146.53.26
159,8/5/2024 23:47,,1004432549.rsc.cdn77.org,,,156.146.53.25
160,8/5/2024 23:47,,pull-flv-l16-gcp01.tiktokcdn.com.atomile.com,,,138.113.19.250
161,8/5/2024 23:47,,pull-flv-l16-gcp01.tiktokcdn.com.atomile.com,,,157.185.157.227
162,8/5/2024 23:47,,pull-flv-l16-gcp01.tiktokcdn.com.atomile.com,,,157.185.179.22
163,8/5/2024 23:47,,pull-flv-l16-gcp01.tiktokcdn.com.atomile.com,,,138.113.26.17
164,8/5/2024 23:47,,pull-flv-l16-gcp01.tiktokcdn.com.atomile.com,,,157.185.164.166
165,8/5/2024 23:47,,pull-flv-l16-gcp01.tiktokcdn.com.atomile.com,,,157.185.157.30
166,8/5/2024 23:47,,pull-flv-l16-gcp01.tiktokcdn.com.atomile.com,,,157.185.157.238
167,8/5/2024 23:47,,pull-flv-l16-gcp01.tiktokcdn.com.atomile.com,,,138.113.81.253
168,8/5/2024 23:47,,pull-flv-l16-gcp01.tiktokcdn.com.atomile.com,,,138.113.26.28
169,8/5/2024 23:47,,pull-flv-l16-gcp01.tiktokcdn.com.atomile.com,,,138.113.24.20
170,8/5/2024 23:47,,pull-flv-l16-gcp01.tiktokcdn.com.atomile.com,,,157.185.170.215
171,8/5/2024 23:47,,pull-flv-l16-gcp01.tiktokcdn.com.atomile.com,,,157.185.171.8
172,8/5/2024 23:47,,pull-flv-l16-gcp01.tiktokcdn.com.atomile.com,,,138.113.159.37
173,8/5/2024 23:47,A,canary.mask.apple-dns.net,465.468.1.498,,
174,8/5/2024 23:47,,canary.mask.apple-dns.net,,8.8.8.8,
175,8/5/2024 23:47,,canary.mask.apple-dns.net,,,17.248.245.138
176,8/5/2024 23:47,,canary.mask.apple-dns.net,,,17.248.245.132
177,8/5/2024 23:47,,canary.mask.apple-dns.net,,,17.248.245.36
178,8/5/2024 23:47,,canary.mask.apple-dns.net,,,17.248.245.233
179,8/5/2024 23:47,,canary.mask.apple-dns.net,,,17.248.245.230
180,8/5/2024 23:47,,canary.mask.apple-dns.net,,,17.248.245.228
181,8/5/2024 23:47,,canary.mask.apple-dns.net,,,17.248.245.235
182,8/5/2024 23:47,,canary.mask.apple-dns.net,,,17.248.245.229
183,8/5/2024 23:47,HTTPS,vt.outbrain.com,465.468.1.498,,
184,8/5/2024 23:47,,vt.outbrain.com,,8.8.8.8,
185,8/5/2024 23:47,,vt.outbrain.com,,8.8.4.4,
186,8/5/2024 23:47,,vt.outbrain.com,,8.8.8.8,
187,8/5/2024 23:47,,vt.outbrain.com,,8.8.4.4,
188,8/5/2024 23:47,,vt.outbrain.com,,8.8.8.8,
189,8/5/2024 23:47,,vt.outbrain.com,,8.8.4.4,
190,8/5/2024 23:47,A,vt.outbrain.com,465.468.1.498,,
191,8/5/2024 23:47,,vt.outbrain.com,,8.8.8.8,
192,8/5/2024 23:47,,vt.outbrain.com,,,<CNAME>
193,8/5/2024 23:47,,alldcs.outbrain.org,,,<CNAME>
194,8/5/2024 23:47,,sadc1.outbrain.org,,,NODATA
195,8/5/2024 23:47,,vt.outbrain.com,,,<CNAME>
196,8/5/2024 23:47,,alldcs.outbrain.org,,,<CNAME>
197,8/5/2024 23:47,,sadc1.outbrain.org,,,38.133.127.31
198,8/5/2024 23:47,HTTPS,prebid-server-perf.rubiconproject.net.akadns.net,465.468.1.498,,
199,8/5/2024 23:47,,prebid-server-perf.rubiconproject.net.akadns.net,,8.8.8.8,
200,8/5/2024 23:47,A,prebid-server-perf.rubiconproject.net.akadns.net,465.468.1.498,,
201,8/5/2024 23:47,,prebid-server-perf.rubiconproject.net.akadns.net,,8.8.8.8,
202,8/5/2024 23:47,,prebid-server-perf.rubiconproject.net.akadns.net,,,NODATA
203,8/5/2024 23:47,,prebid-server-perf.rubiconproject.net.akadns.net,,,69.173.154.9
204,8/5/2024 23:47,HTTPS,ip1.ads.stickyadstv.com.akadns.net,465.468.1.498,,
205,8/5/2024 23:47,,ip1.ads.stickyadstv.com.akadns.net,,8.8.8.8,
206,8/5/2024 23:47,A,ip1.ads.stickyadstv.com.akadns.net,465.468.1.498,,
207,8/5/2024 23:47,,ip1.ads.stickyadstv.com.akadns.net,,8.8.8.8,
208,8/5/2024 23:47,,ip1.ads.stickyadstv.com.akadns.net,,,<CNAME>
209,8/5/2024 23:47,,ip2.ads.stickyadstv.com.akadns.net,,,<CNAME>
210,8/5/2024 23:47,,fp3.ads.stickyadstv.com.akadns.net,,,38.71.2.198
211,8/5/2024 23:47,,fp3.ads.stickyadstv.com.akadns.net,,,38.71.2.199
212,8/5/2024 23:47,,ip1.ads.stickyadstv.com.akadns.net,,,<CNAME>
213,8/5/2024 23:47,,ip2.ads.stickyadstv.com.akadns.net,,,<CNAME>
214,8/5/2024 23:47,,fp3.ads.stickyadstv.com.akadns.net,,,NODATA
215,8/5/2024 23:47,HTTPS,fp3.ads.stickyadstv.com.akadns.net,465.468.1.498,,
216,8/5/2024 23:47,,fp3.ads.stickyadstv.com.akadns.net,,8.8.8.8,
217,8/5/2024 23:47,,fp3.ads.stickyadstv.com.akadns.net,,,NODATA
218,8/5/2024 23:47,HTTPS,www.forbes.com,465.468.1.498,,
219,8/5/2024 23:47,,www.forbes.com,,8.8.8.8,
220,8/5/2024 23:47,A,www.forbes.com,465.468.1.498,,
221,8/5/2024 23:47,,www.forbes.com,,8.8.8.8,
222,8/5/2024 23:47,,www.forbes.com,,,<CNAME>
223,8/5/2024 23:47,,m.sni.global.fastly.net,,,151.101.129.55
224,8/5/2024 23:47,,m.sni.global.fastly.net,,,151.101.65.55
225,8/5/2024 23:47,,m.sni.global.fastly.net,,,151.101.1.55
226,8/5/2024 23:47,,m.sni.global.fastly.net,,,151.101.193.55
227,8/5/2024 23:47,,www.forbes.com,,,<CNAME>
228,8/5/2024 23:47,,m.sni.global.fastly.net,,,NODATA
229,8/5/2024 23:47,HTTPS,m.sni.global.fastly.net,465.468.1.498,,
230,8/5/2024 23:47,,m.sni.global.fastly.net,,8.8.8.8,
231,8/5/2024 23:47,,m.sni.global.fastly.net,,,NODATA
232,8/5/2024 23:47,HTTPS,www.googletagmanager.com,465.468.1.498,,
233,8/5/2024 23:47,,www.googletagmanager.com,,8.8.8.8,
234,8/5/2024 23:47,HTTPS,mktp-base.mktplatforms.com,465.468.1.498,,
235,8/5/2024 23:47,,mktp-base.mktplatforms.com,,8.8.8.8,
236,8/5/2024 23:47,A,mktp-base.mktplatforms.com,465.468.1.498,,
237,8/5/2024 23:47,,mktp-base.mktplatforms.com,,8.8.8.8,
238,8/5/2024 23:47,HTTPS,contextual.media.net,465.468.1.498,,
239,8/5/2024 23:47,,contextual.media.net,,8.8.8.8,
240,8/5/2024 23:47,A,contextual.media.net,465.468.1.498,,
241,8/5/2024 23:47,,contextual.media.net,,8.8.8.8,
242,8/5/2024 23:47,HTTPS,thumbor.forbes.com,465.468.1.498,,
243,8/5/2024 23:47,,thumbor.forbes.com,,8.8.8.8,
244,8/5/2024 23:47,A,thumbor.forbes.com,465.468.1.498,,
245,8/5/2024 23:47,,thumbor.forbes.com,,8.8.8.8,
246,8/5/2024 23:47,,contextual.media.net,,,NODATA
247,8/5/2024 23:47,,mktp-base.mktplatforms.com,,,NODATA
248,8/5/2024 23:47,,www.googletagmanager.com,,,NODATA
249,8/5/2024 23:47,,mktp-base.mktplatforms.com,,,108.138.246.66
250,8/5/2024 23:47,,mktp-base.mktplatforms.com,,,108.138.246.70
251,8/5/2024 23:47,,mktp-base.mktplatforms.com,,,108.138.246.128
252,8/5/2024 23:47,,mktp-base.mktplatforms.com,,,108.138.246.44
253,8/5/2024 23:47,,thumbor.forbes.com,,,<CNAME>
254,8/5/2024 23:47,,m.sni.global.fastly.net,,,151.101.193.55
255,8/5/2024 23:47,,m.sni.global.fastly.net,,,151.101.1.55
256,8/5/2024 23:47,,m.sni.global.fastly.net,,,151.101.65.55
257,8/5/2024 23:47,,m.sni.global.fastly.net,,,151.101.129.55
258,8/5/2024 23:47,,thumbor.forbes.com,,,<CNAME>
259,8/5/2024 23:47,,m.sni.global.fastly.net,,,NODATA
260,8/5/2024 23:47,,contextual.media.net,,,104.99.48.29
261,8/5/2024 23:47,HTTPS,hbx.media.net,465.468.1.498,,
262,8/5/2024 23:47,,hbx.media.net,,8.8.8.8,
263,8/5/2024 23:47,A,hbx.media.net,465.468.1.498,,
264,8/5/2024 23:47,,hbx.media.net,,8.8.8.8,
265,8/5/2024 23:47,A,i.forbesimg.com,465.468.1.498,,
266,8/5/2024 23:47,,i.forbesimg.com,,8.8.8.8,
267,8/5/2024 23:47,HTTPS,fonts.gstatic.com,465.468.1.498,,
268,8/5/2024 23:47,,fonts.gstatic.com,,8.8.8.8,
269,8/5/2024 23:47,HTTPS,fonts.googleapis.com,465.468.1.498,,
270,8/5/2024 23:47,,fonts.googleapis.com,,8.8.8.8,
271,8/5/2024 23:47,HTTPS,i.forbesimg.com,465.468.1.498,,
272,8/5/2024 23:47,,i.forbesimg.com,,8.8.8.8,
273,8/5/2024 23:47,HTTPS,www-alv.google-analytics.com,465.468.1.498,,
274,8/5/2024 23:47,,www-alv.google-analytics.com,,8.8.8.8,
275,8/5/2024 23:47,HTTPS,consent.trustarc.com,465.468.1.498,,
276,8/5/2024 23:47,,consent.trustarc.com,,8.8.8.8,
277,8/5/2024 23:47,A,consent.trustarc.com,465.468.1.498,,
278,8/5/2024 23:47,,consent.trustarc.com,,8.8.8.8,
279,8/5/2024 23:47,HTTPS,www.clarity.ms,465.468.1.498,,
280,8/5/2024 23:47,,www.clarity.ms,,8.8.8.8,
281,8/5/2024 23:47,A,www.clarity.ms,465.468.1.498,,
282,8/5/2024 23:47,,www.clarity.ms,,8.8.8.8,
283,8/5/2024 23:47,HTTPS,bat.bing.com,465.468.1.498,,
284,8/5/2024 23:47,,bat.bing.com,,8.8.8.8,
285,8/5/2024 23:47,A,bat.bing.com,465.468.1.498,,
286,8/5/2024 23:47,,bat.bing.com,,8.8.8.8,
287,8/5/2024 23:47,A,global.px.quantserve.com,465.468.1.498,,
288,8/5/2024 23:47,,global.px.quantserve.com,,8.8.8.8,
289,8/5/2024 23:47,,hbx.media.net,,,NODATA
290,8/5/2024 23:47,,bat.bing.com,,,<CNAME>
291,8/5/2024 23:47,,bat-bing-com.dual-a-0034.a-msedge.net,,,<CNAME>
292,8/5/2024 23:47,,dual-a-0034.a-msedge.net,,,NODATA
293,8/5/2024 23:47,,bat.bing.com,,,<CNAME>
294,8/5/2024 23:47,,bat-bing-com.dual-a-0034.a-msedge.net,,,<CNAME>
295,8/5/2024 23:47,,dual-a-0034.a-msedge.net,,,204.79.197.237
296,8/5/2024 23:47,,dual-a-0034.a-msedge.net,,,13.107.21.237
297,8/5/2024 23:47,,fonts.googleapis.com,,,NODATA
298,8/5/2024 23:47,,www-alv.google-analytics.com,,,NODATA
299,8/5/2024 23:47,,consent.trustarc.com,,,NODATA
300,8/5/2024 23:47,,i.forbesimg.com,,,<CNAME>
301,8/5/2024 23:47,,m.sni.global.fastly.net,,,151.101.1.55
302,8/5/2024 23:47,,m.sni.global.fastly.net,,,151.101.129.55
303,8/5/2024 23:47,,m.sni.global.fastly.net,,,151.101.65.55
304,8/5/2024 23:47,,m.sni.global.fastly.net,,,151.101.193.55
305,8/5/2024 23:47,,hbx.media.net,,,104.108.64.28
306,8/5/2024 23:47,,i.forbesimg.com,,,<CNAME>
307,8/5/2024 23:47,,m.sni.global.fastly.net,,,NODATA
308,8/5/2024 23:47,HTTPS,dual-a-0034.a-msedge.net,465.468.1.498,,
309,8/5/2024 23:47,,dual-a-0034.a-msedge.net,,8.8.8.8,
310,8/5/2024 23:47,,fonts.gstatic.com,,,NODATA
311,8/5/2024 23:47,,global.px.quantserve.com,,,192.184.67.70
312,8/5/2024 23:47,,global.px.quantserve.com,,,192.184.67.40
313,8/5/2024 23:47,,global.px.quantserve.com,,,192.184.67.143
314,8/5/2024 23:47,,www.clarity.ms,,,<CNAME>
315,8/5/2024 23:47,,clarity.azurefd.net,,,<CNAME>
316,8/5/2024 23:47,,azurefd-t-prod.trafficmanager.net,,,<CNAME>
317,8/5/2024 23:47,,shed.dual-low.s-part-0041.t-0009.t-msedge.net,,,<CNAME>
318,8/5/2024 23:47,,s-part-0041.t-0009.t-msedge.net,,,13.107.246.69
319,8/5/2024 23:47,,consent.trustarc.com,,,99.84.238.192
320,8/5/2024 23:47,,consent.trustarc.com,,,99.84.238.186
321,8/5/2024 23:47,,consent.trustarc.com,,,99.84.238.146
322,8/5/2024 23:47,,consent.trustarc.com,,,99.84.238.179
323,8/5/2024 23:47,,www.clarity.ms,,,<CNAME>
324,8/5/2024 23:47,,clarity.azurefd.net,,,<CNAME>
325,8/5/2024 23:47,,azurefd-t-prod.trafficmanager.net,,,<CNAME>
326,8/5/2024 23:47,,shed.dual-low.s-part-0041.t-0009.t-msedge.net,,,<CNAME>
327,8/5/2024 23:47,,s-part-0041.t-0009.t-msedge.net,,,NODATA
328,8/5/2024 23:47,,dual-a-0034.a-msedge.net,,,NODATA
329,8/5/2024 23:47,HTTPS,s-part-0041.t-0009.t-msedge.net,465.468.1.498,,
330,8/5/2024 23:47,,s-part-0041.t-0009.t-msedge.net,,8.8.8.8,
331,8/5/2024 23:47,,s-part-0041.t-0009.t-msedge.net,,,NODATA
332,8/5/2024 23:47,HTTPS,lgforbes.akamaized.net,465.468.1.498,,
333,8/5/2024 23:47,,lgforbes.akamaized.net,,8.8.8.8,
334,8/5/2024 23:47,A,lgforbes.akamaized.net,465.468.1.498,,
335,8/5/2024 23:47,,lgforbes.akamaized.net,,8.8.8.8,
336,8/5/2024 23:47,,lgforbes.akamaized.net,,,<CNAME>
337,8/5/2024 23:47,,a1874.d.akamai.net,,,NODATA
338,8/5/2024 23:47,HTTPS,a1874.d.akamai.net,465.468.1.498,,
339,8/5/2024 23:47,,a1874.d.akamai.net,,8.8.8.8,
340,8/5/2024 23:47,,lgforbes.akamaized.net,,,<CNAME>
341,8/5/2024 23:47,,a1874.d.akamai.net,,,23.62.46.120
342,8/5/2024 23:47,,a1874.d.akamai.net,,,23.62.46.116
343,8/5/2024 23:47,,a1874.d.akamai.net,,,NODATA
344,8/5/2024 23:47,HTTPS,hbxlp.media.net,465.468.1.498,,
345,8/5/2024 23:47,,hbxlp.media.net,,8.8.8.8,
346,8/5/2024 23:47,A,hbxlp.media.net,465.468.1.498,,
347,8/5/2024 23:47,,hbxlp.media.net,,8.8.8.8,
348,8/5/2024 23:47,,hbxlp.media.net,,,34.160.55.127
349,8/5/2024 23:47,,hbxlp.media.net,,,NODATA
350,8/5/2024 23:47,A,www.google.com,465.468.1.498,,
351,8/5/2024 23:47,,www.google.com,,8.8.8.8,
352,8/5/2024 23:47,A,sb.scorecardresearch.com,465.468.1.498,,
353,8/5/2024 23:47,,sb.scorecardresearch.com,,8.8.8.8,
354,8/5/2024 23:47,,www.google.com,,,142.251.32.36
355,8/5/2024 23:47,,sb.scorecardresearch.com,,,18.155.192.84
356,8/5/2024 23:47,,sb.scorecardresearch.com,,,18.155.192.106
357,8/5/2024 23:47,,sb.scorecardresearch.com,,,18.155.192.47
358,8/5/2024 23:47,,sb.scorecardresearch.com,,,18.155.192.33
359,8/5/2024 23:47,A,a.myfidevs.io,465.468.1.498,,
360,8/5/2024 23:47,,a.myfidevs.io,,8.8.8.8,
361,8/5/2024 23:47,,a.myfidevs.io,,,34.204.28.255
362,8/5/2024 23:47,,a.myfidevs.io,,,3.93.105.178
363,8/5/2024 23:47,,a.myfidevs.io,,,107.22.98.162
364,8/5/2024 23:47,,a.myfidevs.io,,,52.203.204.232
365,8/5/2024 23:47,HTTPS,d2fashanjl7d9f.cloudfront.net,465.468.1.498,,
366,8/5/2024 23:47,,d2fashanjl7d9f.cloudfront.net,,8.8.8.8,
367,8/5/2024 23:47,A,d2fashanjl7d9f.cloudfront.net,465.468.1.498,,
368,8/5/2024 23:47,,d2fashanjl7d9f.cloudfront.net,,8.8.8.8,
369,8/5/2024 23:47,,d2fashanjl7d9f.cloudfront.net,,,NODATA
370,8/5/2024 23:47,,d2fashanjl7d9f.cloudfront.net,,,18.239.199.124
371,8/5/2024 23:47,,d2fashanjl7d9f.cloudfront.net,,,18.239.199.88
372,8/5/2024 23:47,,d2fashanjl7d9f.cloudfront.net,,,18.239.199.21
373,8/5/2024 23:47,,d2fashanjl7d9f.cloudfront.net,,,18.239.199.125
374,8/5/2024 23:47,HTTPS,hblg.media.net,465.468.1.498,,
375,8/5/2024 23:47,,hblg.media.net,,8.8.8.8,
376,8/5/2024 23:47,A,hblg.media.net,465.468.1.498,,
377,8/5/2024 23:47,,hblg.media.net,,8.8.8.8,
378,8/5/2024 23:47,,hblg.media.net,,,NODATA
379,8/5/2024 23:47,,hblg.media.net,,,104.108.64.28
380,8/5/2024 23:47,HTTPS,xch.media.net,465.468.1.498,,
381,8/5/2024 23:47,,xch.media.net,,8.8.8.8,
382,8/5/2024 23:47,A,xch.media.net,465.468.1.498,,
383,8/5/2024 23:47,,xch.media.net,,8.8.8.8,
384,8/5/2024 23:47,HTTPS,prreqcroab.icu,465.468.1.498,,
385,8/5/2024 23:47,,prreqcroab.icu,,8.8.8.8,
386,8/5/2024 23:47,A,prreqcroab.icu,465.468.1.498,,
387,8/5/2024 23:47,,prreqcroab.icu,,8.8.8.8,
388,8/5/2024 23:47,,prreqcroab.icu,,,NODATA
389,8/5/2024 23:47,,xch.media.net,,,34.107.136.65
390,8/5/2024 23:47,,xch.media.net,,,NODATA
391,8/5/2024 23:47,,prreqcroab.icu,,,108.138.246.76
392,8/5/2024 23:47,,prreqcroab.icu,,,108.138.246.87
393,8/5/2024 23:47,,prreqcroab.icu,,,108.138.246.28
394,8/5/2024 23:47,,prreqcroab.icu,,,108.138.246.120
395,8/5/2024 23:47,HTTPS,q.clarity.ms,465.468.1.498,,
396,8/5/2024 23:47,,q.clarity.ms,,8.8.8.8,
397,8/5/2024 23:47,A,q.clarity.ms,465.468.1.498,,
398,8/5/2024 23:47,,q.clarity.ms,,8.8.8.8,
399,8/5/2024 23:47,,q.clarity.ms,,,<CNAME>
400,8/5/2024 23:47,,clarity-ingest-eus-b-sc.eastus.cloudapp.azure.com,,,NODATA
401,8/5/2024 23:47,HTTPS,clarity-ingest-eus-b-sc.eastus.cloudapp.azure.com,465.468.1.498,,
402,8/5/2024 23:47,,clarity-ingest-eus-b-sc.eastus.cloudapp.azure.com,,8.8.8.8,
403,8/5/2024 23:47,,q.clarity.ms,,,<CNAME>
404,8/5/2024 23:47,,clarity-ingest-eus-b-sc.eastus.cloudapp.azure.com,,,20.231.53.73
405,8/5/2024 23:47,,clarity-ingest-eus-b-sc.eastus.cloudapp.azure.com,,,NODATA
406,8/5/2024 23:47,HTTPS,c243941acc719befd685b9ab183a283a.safeframe.googlesyndication.com,465.468.1.498,,
407,8/5/2024 23:47,,c243941acc719befd685b9ab183a283a.safeframe.googlesyndication.com,,8.8.8.8,
408,8/5/2024 23:47,,c243941acc719befd685b9ab183a283a.safeframe.googlesyndication.com,,8.8.4.4,
409,8/5/2024 23:47,,c243941acc719befd685b9ab183a283a.safeframe.googlesyndication.com,,8.8.8.8,
410,8/5/2024 23:47,,c243941acc719befd685b9ab183a283a.safeframe.googlesyndication.com,,8.8.4.4,
411,8/5/2024 23:47,,c243941acc719befd685b9ab183a283a.safeframe.googlesyndication.com,,8.8.8.8,
412,8/5/2024 23:47,,c243941acc719befd685b9ab183a283a.safeframe.googlesyndication.com,,8.8.4.4,
413,8/5/2024 23:47,A,c243941acc719befd685b9ab183a283a.safeframe.googlesyndication.com,465.468.1.498,,
414,8/5/2024 23:47,,c243941acc719befd685b9ab183a283a.safeframe.googlesyndication.com,,8.8.8.8,
415,8/5/2024 23:47,,c243941acc719befd685b9ab183a283a.safeframe.googlesyndication.com,,,<CNAME>
416,8/5/2024 23:47,,pagead-googlehosted.l.google.com,,,NODATA
417,8/5/2024 23:47,HTTPS,pagead-googlehosted.l.google.com,465.468.1.498,,
418,8/5/2024 23:47,,pagead-googlehosted.l.google.com,,8.8.8.8,
419,8/5/2024 23:47,,c243941acc719befd685b9ab183a283a.safeframe.googlesyndication.com,,,<CNAME>
420,8/5/2024 23:47,,pagead-googlehosted.l.google.com,,,142.251.46.161
421,8/5/2024 23:47,,pagead-googlehosted.l.google.com,,,NODATA
422,8/5/2024 23:47,HTTPS,c.clarity.ms,465.468.1.498,,
423,8/5/2024 23:47,,c.clarity.ms,,8.8.8.8,
424,8/5/2024 23:47,A,c.clarity.ms,465.468.1.498,,
425,8/5/2024 23:47,,c.clarity.ms,,8.8.8.8,
426,8/5/2024 23:47,,c.clarity.ms,,,<CNAME>
427,8/5/2024 23:47,,c.msn.com,,,<CNAME>
428,8/5/2024 23:47,,c-msn-com-nsatc.trafficmanager.net,,,NODATA
429,8/5/2024 23:47,HTTPS,c-msn-com-nsatc.trafficmanager.net,465.468.1.498,,
430,8/5/2024 23:47,,c-msn-com-nsatc.trafficmanager.net,,8.8.8.8,
431,8/5/2024 23:47,,c.clarity.ms,,,<CNAME>
432,8/5/2024 23:47,,c.msn.com,,,<CNAME>
433,8/5/2024 23:47,,c-msn-com-nsatc.trafficmanager.net,,,20.125.62.241
434,8/5/2024 23:47,,c-msn-com-nsatc.trafficmanager.net,,,NODATA
435,8/5/2024 23:47,A,e13136.g.akamaiedge.net,465.468.1.498,,
436,8/5/2024 23:47,,e13136.g.akamaiedge.net,,8.8.8.8,
437,8/5/2024 23:47,HTTPS,pixel.quantserve.com,465.468.1.498,,
438,8/5/2024 23:47,,pixel.quantserve.com,,8.8.8.8,
439,8/5/2024 23:47,A,pixel.quantserve.com,465.468.1.498,,
440,8/5/2024 23:47,,pixel.quantserve.com,,8.8.8.8,
441,8/5/2024 23:47,,pixel.quantserve.com,,,<CNAME>
442,8/5/2024 23:47,,global.px.quantserve.com,,,NODATA
443,8/5/2024 23:47,,e13136.g.akamaiedge.net,,,23.44.74.32
444,8/5/2024 23:47,,pixel.quantserve.com,,,<CNAME>
445,8/5/2024 23:47,,global.px.quantserve.com,,,192.184.67.70
446,8/5/2024 23:47,,global.px.quantserve.com,,,192.184.67.40
447,8/5/2024 23:47,,global.px.quantserve.com,,,192.184.67.143
448,8/5/2024 23:47,HTTPS,c-bing-com.dual-a-0034.a-msedge.net,465.468.1.498,,
449,8/5/2024 23:47,,c-bing-com.dual-a-0034.a-msedge.net,,8.8.8.8,
450,8/5/2024 23:47,A,c-bing-com.dual-a-0034.a-msedge.net,465.468.1.498,,
451,8/5/2024 23:47,,c-bing-com.dual-a-0034.a-msedge.net,,8.8.8.8,
452,8/5/2024 23:47,,c-bing-com.dual-a-0034.a-msedge.net,,,NODATA
453,8/5/2024 23:47,,c-bing-com.dual-a-0034.a-msedge.net,,,<CNAME>
454,8/5/2024 23:47,,dual-a-0034.a-msedge.net,,,204.79.197.237
455,8/5/2024 23:47,,dual-a-0034.a-msedge.net,,,13.107.21.237
456,8/5/2024 23:47,HTTPS,cdn-content.ampproject.org,465.468.1.498,,
457,8/5/2024 23:47,,cdn-content.ampproject.org,,8.8.8.8,
458,8/5/2024 23:47,HTTPS,cdn.doubleverify.com,465.468.1.498,,
459,8/5/2024 23:47,,cdn.doubleverify.com,,8.8.8.8,
460,8/5/2024 23:47,A,cdn.doubleverify.com,465.468.1.498,,
461,8/5/2024 23:47,,cdn.doubleverify.com,,8.8.8.8,
462,8/5/2024 23:47,,cdn.doubleverify.com,,,<CNAME>
463,8/5/2024 23:47,,cdn.doubleverify.com.edgesuite.net,,,<CNAME>
464,8/5/2024 23:47,,a1241.dsct.akamai.net,,,NODATA
465,8/5/2024 23:47,,cdn-content.ampproject.org,,,NODATA
466,8/5/2024 23:47,,cdn.doubleverify.com,,,<CNAME>
467,8/5/2024 23:47,,cdn.doubleverify.com.edgesuite.net,,,<CNAME>
468,8/5/2024 23:47,,a1241.dsct.akamai.net,,,23.192.228.85
469,8/5/2024 23:47,,a1241.dsct.akamai.net,,,23.192.228.73
470,8/5/2024 23:47,HTTPS,px.moatads.com,465.468.1.498,,
471,8/5/2024 23:47,,px.moatads.com,,8.8.8.8,
472,8/5/2024 23:47,A,px.moatads.com,465.468.1.498,,
473,8/5/2024 23:47,,px.moatads.com,,8.8.8.8,
474,8/5/2024 23:47,,px.moatads.com,,,<CNAME>
475,8/5/2024 23:47,,wildcard.moatads.com.edgekey.net,,,<CNAME>
476,8/5/2024 23:47,,e13136.g.akamaiedge.net,,,NODATA
477,8/5/2024 23:47,,px.moatads.com,,,<CNAME>
478,8/5/2024 23:47,,wildcard.moatads.com.edgekey.net,,,<CNAME>
479,8/5/2024 23:47,,e13136.g.akamaiedge.net,,,23.44.74.32
480,8/5/2024 23:47,HTTPS,rtb0.doubleverify.com,465.468.1.498,,
481,8/5/2024 23:47,,rtb0.doubleverify.com,,8.8.8.8,
482,8/5/2024 23:47,A,rtb0.doubleverify.com,465.468.1.498,,
483,8/5/2024 23:47,,rtb0.doubleverify.com,,8.8.8.8,
484,8/5/2024 23:47,,rtb0.doubleverify.com,,,<CNAME>
485,8/5/2024 23:47,,bs-geo.dvgtm.akadns.net,,,<CNAME>
486,8/5/2024 23:47,,bs-wlb-uswest.dvgtm.akadns.net,,,<CNAME>
487,8/5/2024 23:47,,rtbc-uw1.doubleverify.com,,,35.201.101.243
488,8/5/2024 23:47,,rtb0.doubleverify.com,,,<CNAME>
489,8/5/2024 23:47,,bs-geo.dvgtm.akadns.net,,,<CNAME>
490,8/5/2024 23:47,,bs-wlb-uswest.dvgtm.akadns.net,,,<CNAME>
491,8/5/2024 23:47,,rtbc-uw1.doubleverify.com,,,NODATA
492,8/5/2024 23:47,HTTPS,rtbc-uw1.doubleverify.com,465.468.1.498,,
493,8/5/2024 23:47,,rtbc-uw1.doubleverify.com,,8.8.8.8,
494,8/5/2024 23:47,,rtbc-uw1.doubleverify.com,,,NODATA
495,8/5/2024 23:47,HTTPS,s0.2mdn.net,465.468.1.498,,
496,8/5/2024 23:47,,s0.2mdn.net,,8.8.8.8,
497,8/5/2024 23:47,HTTPS,googleads4.g.doubleclick.net,465.468.1.498,,
498,8/5/2024 23:47,,googleads4.g.doubleclick.net,,8.8.8.8,
499,8/5/2024 23:47,,s0.2mdn.net,,,NODATA
500,8/5/2024 23:47,,googleads4.g.doubleclick.net,,,NODATA
501,8/5/2024 23:47,HTTPS,tps.doubleverify.com,465.468.1.498,,
502,8/5/2024 23:47,,tps.doubleverify.com,,8.8.8.8,
503,8/5/2024 23:47,A,tps.doubleverify.com,465.468.1.498,,
504,8/5/2024 23:47,,tps.doubleverify.com,,8.8.8.8,
505,8/5/2024 23:47,,tps.doubleverify.com,,,<CNAME>
506,8/5/2024 23:47,,tps-geo.dvgtm.akadns.net,,,<CNAME>
507,8/5/2024 23:47,,tps-wlb-uswest.dvgtm.akadns.net,,,<CNAME>
508,8/5/2024 23:47,,tpsc-uw1.doubleverify.com,,,NODATA
509,8/5/2024 23:47,,tps.doubleverify.com,,,<CNAME>
510,8/5/2024 23:47,,tps-geo.dvgtm.akadns.net,,,<CNAME>
511,8/5/2024 23:47,,tps-wlb-uswest.dvgtm.akadns.net,,,<CNAME>
512,8/5/2024 23:47,,tpsc-uw1.doubleverify.com,,,35.201.101.243
513,8/5/2024 23:47,HTTPS,gateway.fe2.apple-dns.net,465.468.1.498,,
514,8/5/2024 23:47,,gateway.fe2.apple-dns.net,,8.8.8.8,
515,8/5/2024 23:47,,gateway.fe2.apple-dns.net,,,NODATA
516,8/5/2024 23:47,A,api16-normal-useast5.tiktokv.us,418.823.7.346,,
517,8/5/2024 23:47,,api16-normal-useast5.tiktokv.us,,8.8.8.8,
518,8/5/2024 23:47,,api16-normal-useast5.tiktokv.us,,,<CNAME>
519,8/5/2024 23:47,,api16-normal-useast5.tiktokv.us.edgesuite.net,,,<CNAME>
520,8/5/2024 23:47,,ttp-api16-tiktok-com-apix.bytewlb.akadns.net,,,<CNAME>
521,8/5/2024 23:47,,a2047.w181.akamai.net,,,96.16.55.83
522,8/5/2024 23:47,,a2047.w181.akamai.net,,,96.16.55.96
523,8/5/2024 23:47,,a2047.w181.akamai.net,,,96.16.55.90
524,8/5/2024 23:47,,a2047.w181.akamai.net,,,96.16.55.82
525,8/5/2024 23:47,,a2047.w181.akamai.net,,,96.16.55.76
526,8/5/2024 23:47,,a2047.w181.akamai.net,,,96.16.55.84
527,8/5/2024 23:47,,a2047.w181.akamai.net,,,96.16.55.102
528,8/5/2024 23:47,,a2047.w181.akamai.net,,,96.16.55.85
529,8/5/2024 23:47,,a2047.w181.akamai.net,,,96.16.55.70
530,8/5/2024 23:47,A,p16-sg.tiktokcdn.com,418.823.7.346,,
531,8/5/2024 23:47,,p16-sg.tiktokcdn.com,,8.8.8.8,
532,8/5/2024 23:47,,p16-sg.tiktokcdn.com,,,<CNAME>
533,8/5/2024 23:47,,p16-sg.tiktokcdn.com.akamaized.net,,,<CNAME>
534,8/5/2024 23:47,,a2047.mm2.akamai.net,,,23.62.46.213
535,8/5/2024 23:47,,a2047.mm2.akamai.net,,,23.62.46.209
536,8/5/2024 23:47,,a2047.mm2.akamai.net,,,23.62.46.202
537,8/5/2024 23:47,,a2047.mm2.akamai.net,,,23.62.46.203
538,8/5/2024 23:47,,a2047.mm2.akamai.net,,,23.62.46.219
539,8/5/2024 23:47,,a2047.mm2.akamai.net,,,23.62.46.206
540,8/5/2024 23:47,,a2047.mm2.akamai.net,,,23.62.46.198
541,8/5/2024 23:47,,a2047.mm2.akamai.net,,,23.62.46.216
542,8/5/2024 23:47,,a2047.mm2.akamai.net,,,23.62.46.208
543,8/5/2024 23:48,A,vast.doubleverify.com,418.823.7.346,,
544,8/5/2024 23:48,,vast.doubleverify.com,,8.8.8.8,
545,8/5/2024 23:48,,vast.doubleverify.com,,8.8.4.4,
546,8/5/2024 23:48,,vast.doubleverify.com,,8.8.8.8,
547,8/5/2024 23:48,,vast.doubleverify.com,,8.8.4.4,
548,8/5/2024 23:48,,vast.doubleverify.com,,8.8.8.8,
549,8/5/2024 23:48,,vast.doubleverify.com,,8.8.4.4,
550,8/5/2024 23:48,A,video.us.bytedance.map.fastly.net,418.823.7.346,,
551,8/5/2024 23:48,,video.us.bytedance.map.fastly.net,,8.8.8.8,
552,8/5/2024 23:48,,video.us.bytedance.map.fastly.net,,,146.75.94.73
553,8/5/2024 23:48,,vast.doubleverify.com,,,<CNAME>
554,8/5/2024 23:48,,cust-dv.zentrick.com,,,<CNAME>
555,8/5/2024 23:48,,cf.vast.doubleverify.com,,,<CNAME>
556,8/5/2024 23:48,,cf.vast.doubleverify.com.cdn.cloudflare.net,,,104.18.36.54
557,8/5/2024 23:48,,cf.vast.doubleverify.com.cdn.cloudflare.net,,,172.64.151.202
558,8/5/2024 23:48,A,sf16-muse-va.ibytedtos.com,418.823.7.346,,
559,8/5/2024 23:48,,sf16-muse-va.ibytedtos.com,,8.8.8.8,
560,8/5/2024 23:48,,sf16-muse-va.ibytedtos.com,,,<CNAME>
561,8/5/2024 23:48,,sf16-muse-va.ibytedtos.com.edgesuite.net,,,<CNAME>
562,8/5/2024 23:48,,a1939.dscb.akamai.net,,,23.67.33.139
563,8/5/2024 23:48,,a1939.dscb.akamai.net,,,23.67.33.133
564,8/5/2024 23:48,A,clarity-ingest-eus-b-sc.eastus.cloudapp.azure.com,465.468.1.498,,
565,8/5/2024 23:48,,clarity-ingest-eus-b-sc.eastus.cloudapp.azure.com,,8.8.8.8,
566,8/5/2024 23:48,,clarity-ingest-eus-b-sc.eastus.cloudapp.azure.com,,,20.231.53.73
567,8/5/2024 23:48,A,p16-sign-useast2a.tiktokcdn.com,418.823.7.346,,
568,8/5/2024 23:48,,p16-sign-useast2a.tiktokcdn.com,,8.8.8.8,
569,8/5/2024 23:48,,p16-sign-useast2a.tiktokcdn.com,,,<CNAME>
570,8/5/2024 23:48,,p16-sign-useast2a.tiktokcdn.com.akamaized.net,,,<CNAME>
571,8/5/2024 23:48,,a2047.mm2.akamai.net,,,23.62.46.202
572,8/5/2024 23:48,,a2047.mm2.akamai.net,,,23.62.46.196
573,8/5/2024 23:48,,a2047.mm2.akamai.net,,,23.62.46.207
574,8/5/2024 23:48,,a2047.mm2.akamai.net,,,23.62.46.211
575,8/5/2024 23:48,,a2047.mm2.akamai.net,,,23.62.46.204
576,8/5/2024 23:48,,a2047.mm2.akamai.net,,,23.62.46.200
577,8/5/2024 23:48,,a2047.mm2.akamai.net,,,23.62.46.215
578,8/5/2024 23:48,,a2047.mm2.akamai.net,,,23.62.46.205
579,8/5/2024 23:48,,a2047.mm2.akamai.net,,,23.62.46.217
580,8/5/2024 23:48,A,p19-sign.tiktokcdn-us.com,418.823.7.346,,
581,8/5/2024 23:48,,p19-sign.tiktokcdn-us.com,,8.8.8.8,
582,8/5/2024 23:48,,p19-sign.tiktokcdn-us.com,,,<CNAME>
583,8/5/2024 23:48,,us.bytedance.map.fastly.net,,,146.75.94.73
584,8/5/2024 23:48,HTTPS,images.myfinance.com,465.468.1.498,,
585,8/5/2024 23:48,,images.myfinance.com,,8.8.8.8,
586,8/5/2024 23:48,A,images.myfinance.com,465.468.1.498,,
587,8/5/2024 23:48,,images.myfinance.com,,8.8.8.8,
588,8/5/2024 23:48,,images.myfinance.com,,,<HTTPS>
589,8/5/2024 23:48,,images.myfinance.com,,,172.67.156.152
590,8/5/2024 23:48,,images.myfinance.com,,,104.21.8.7
591,8/5/2024 23:48,HTTPS,www.gstatic.com,465.468.1.498,,
592,8/5/2024 23:48,,www.gstatic.com,,8.8.8.8,
593,8/5/2024 23:48,A,www.gstatic.com,465.468.1.498,,
594,8/5/2024 23:48,,www.gstatic.com,,8.8.8.8,
595,8/5/2024 23:48,,www.gstatic.com,,,142.251.214.131
596,8/5/2024 23:48,,www.gstatic.com,,,NODATA
597,8/5/2024 23:48,A,a2047.w181.akamai.net,418.823.7.346,,
598,8/5/2024 23:48,,a2047.w181.akamai.net,,8.8.8.8,
599,8/5/2024 23:48,,a2047.w181.akamai.net,,8.8.4.4,
600,8/5/2024 23:48,,a2047.w181.akamai.net,,8.8.8.8,
601,8/5/2024 23:48,,a2047.w181.akamai.net,,8.8.4.4,
602,8/5/2024 23:48,,a2047.w181.akamai.net,,8.8.8.8,
603,8/5/2024 23:48,,a2047.w181.akamai.net,,8.8.4.4,
604,8/5/2024 23:48,,a2047.w181.akamai.net,,,96.16.55.94
605,8/5/2024 23:48,,a2047.w181.akamai.net,,,96.16.55.89
606,8/5/2024 23:48,,a2047.w181.akamai.net,,,96.16.55.105
607,8/5/2024 23:48,,a2047.w181.akamai.net,,,96.16.55.93
608,8/5/2024 23:48,,a2047.w181.akamai.net,,,96.16.55.71
609,8/5/2024 23:48,,a2047.w181.akamai.net,,,96.16.55.69
610,8/5/2024 23:48,,a2047.w181.akamai.net,,,96.16.55.77
611,8/5/2024 23:48,,a2047.w181.akamai.net,,,96.16.55.107
612,8/5/2024 23:48,,a2047.w181.akamai.net,,,96.16.55.79
613,8/5/2024 23:48,HTTPS,gum.da1.vip.prod.criteo.com,465.468.1.498,,
614,8/5/2024 23:48,,gum.da1.vip.prod.criteo.com,,8.8.8.8,
615,8/5/2024 23:48,HTTPS,logs.browser-intake-datadoghq.com,465.468.1.498,,
616,8/5/2024 23:48,,logs.browser-intake-datadoghq.com,,8.8.8.8,
617,8/5/2024 23:48,A,logs.browser-intake-datadoghq.com,465.468.1.498,,
618,8/5/2024 23:48,,logs.browser-intake-datadoghq.com,,8.8.8.8,
619,8/5/2024 23:48,,gum.da1.vip.prod.criteo.com,,,NODATA
620,8/5/2024 23:48,,logs.browser-intake-datadoghq.com,,,<CNAME>
621,8/5/2024 23:48,,l4-logs-http-browser-pub-s0-e2bce5ba2ff871a5.elb.us-east-1.amazonaws.com,,,NODATA
622,8/5/2024 23:48,HTTPS,l4-logs-http-browser-pub-s0-e2bce5ba2ff871a5.elb.us-east-1.amazonaws.com,465.468.1.498,,
623,8/5/2024 23:48,,l4-logs-http-browser-pub-s0-e2bce5ba2ff871a5.elb.us-east-1.amazonaws.com,,8.8.8.8,
624,8/5/2024 23:48,,logs.browser-intake-datadoghq.com,,,<CNAME>
625,8/5/2024 23:48,,l4-logs-http-browser-pub-s0-e2bce5ba2ff871a5.elb.us-east-1.amazonaws.com,,,3.233.158.25
626,8/5/2024 23:48,,l4-logs-http-browser-pub-s0-e2bce5ba2ff871a5.elb.us-east-1.amazonaws.com,,,3.233.158.24
627,8/5/2024 23:48,,l4-logs-http-browser-pub-s0-e2bce5ba2ff871a5.elb.us-east-1.amazonaws.com,,,3.233.158.26
628,8/5/2024 23:48,,l4-logs-http-browser-pub-s0-e2bce5ba2ff871a5.elb.us-east-1.amazonaws.com,,,NODATA
629,8/5/2024 23:48,A,tpsc-uw1.doubleverify.com,465.468.1.498,,
630,8/5/2024 23:48,,tpsc-uw1.doubleverify.com,,8.8.8.8,
631,8/5/2024 23:48,,tpsc-uw1.doubleverify.com,,,35.201.101.243
632,8/5/2024 23:48,HTTPS,ab.chatgpt.com,465.468.1.498,,
633,8/5/2024 23:48,,ab.chatgpt.com,,8.8.8.8,
634,8/5/2024 23:48,A,ab.chatgpt.com,465.468.1.498,,
635,8/5/2024 23:48,,ab.chatgpt.com,,8.8.8.8,
636,8/5/2024 23:48,,ab.chatgpt.com,,,<HTTPS>
637,8/5/2024 23:48,,ab.chatgpt.com,,,104.18.30.2
638,8/5/2024 23:48,,ab.chatgpt.com,,,104.18.31.2
639,8/5/2024 23:48,HTTPS,chatgpt.com,465.468.1.498,,
640,8/5/2024 23:48,,chatgpt.com,,8.8.8.8,
641,8/5/2024 23:48,A,chatgpt.com,465.468.1.498,,
642,8/5/2024 23:48,,chatgpt.com,,8.8.8.8,
643,8/5/2024 23:48,,chatgpt.com,,,<HTTPS>
644,8/5/2024 23:48,,chatgpt.com,,,104.18.31.2
645,8/5/2024 23:48,,chatgpt.com,,,104.18.30.2
646,8/5/2024 23:49,HTTPS,ping.chartbeat.net,465.468.1.498,,
647,8/5/2024 23:49,,ping.chartbeat.net,,8.8.8.8,
648,8/5/2024 23:49,,ping.chartbeat.net,,8.8.4.4,
649,8/5/2024 23:49,,ping.chartbeat.net,,8.8.8.8,
650,8/5/2024 23:49,,ping.chartbeat.net,,8.8.4.4,
651,8/5/2024 23:49,,ping.chartbeat.net,,8.8.8.8,
652,8/5/2024 23:49,,ping.chartbeat.net,,8.8.4.4,
653,8/5/2024 23:49,A,ping.chartbeat.net,465.468.1.498,,
654,8/5/2024 23:49,,ping.chartbeat.net,,8.8.8.8,
655,8/5/2024 23:49,,ping.chartbeat.net,,,NODATA
656,8/5/2024 23:49,,ping.chartbeat.net,,,54.161.140.107
657,8/5/2024 23:49,,ping.chartbeat.net,,,34.238.101.65
658,8/5/2024 23:49,,ping.chartbeat.net,,,52.6.118.48
659,8/5/2024 23:49,,ping.chartbeat.net,,,34.198.78.128
660,8/5/2024 23:49,,ping.chartbeat.net,,,44.212.211.4
661,8/5/2024 23:49,,ping.chartbeat.net,,,44.193.116.81
662,8/5/2024 23:49,,ping.chartbeat.net,,,18.210.187.1
663,8/5/2024 23:49,,ping.chartbeat.net,,,34.231.196.140
664,8/5/2024 23:49,HTTPS,as-sec.casalemedia.com,465.468.1.498,,
665,8/5/2024 23:49,,as-sec.casalemedia.com,,8.8.8.8,
666,8/5/2024 23:49,A,as-sec.casalemedia.com,465.468.1.498,,
667,8/5/2024 23:49,,as-sec.casalemedia.com,,8.8.8.8,
668,8/5/2024 23:49,,as-sec.casalemedia.com,,,172.64.151.101
669,8/5/2024 23:49,,as-sec.casalemedia.com,,,104.18.36.155
670,8/5/2024 23:49,,as-sec.casalemedia.com,,,NODATA
671,8/5/2024 23:49,A,istio-ingress.wunderkind.co,465.468.1.498,,
672,8/5/2024 23:49,,istio-ingress.wunderkind.co,,8.8.8.8,
673,8/5/2024 23:49,,istio-ingress.wunderkind.co,,,34.117.4.53
674,8/5/2024 23:49,HTTPS,events.bouncex.net,465.468.1.498,,
675,8/5/2024 23:49,,events.bouncex.net,,8.8.8.8,
676,8/5/2024 23:49,A,events.bouncex.net,465.468.1.498,,
677,8/5/2024 23:49,,events.bouncex.net,,8.8.8.8,
678,8/5/2024 23:49,,events.bouncex.net,,,<CNAME>
679,8/5/2024 23:49,,nginx-ingress.wunderkind.co,,,34.111.8.32
680,8/5/2024 23:49,,events.bouncex.net,,,<CNAME>
681,8/5/2024 23:49,,nginx-ingress.wunderkind.co,,,NODATA
682,8/5/2024 23:49,HTTPS,nginx-ingress.wunderkind.co,465.468.1.498,,
683,8/5/2024 23:49,,nginx-ingress.wunderkind.co,,8.8.8.8,
684,8/5/2024 23:49,,nginx-ingress.wunderkind.co,,,NODATA
